High School,Apps,Acc,Enroll,T10P,T25P,	Tstu,PTStu,Tuit,BRC,BC,PS,TPHD,TMAST,STR,	ADon,Ispend,GR
High School 221,727,693,286,30,55,1063,48,8100,3950,550,550,73,76,13.3,28,7508,55
High School 222,11115,2881,1390,71,93,5881,406,18300,7131,670,1700,91,92,7.2,27,19635,95
High School 223,7837,4527,2276,89,99,8528,654,6489,4438,795,1164,92,92,19.3,33,11271,70
High School 224,3793,2341,1238,9,24,7732,9054,6744,2655,720,3450,87,89,19,10,7762,34
High School 225,348,281,127,12,52,1095,785,9150,3950,500,800,56,59,12.2,27,7348,76
High School 226,3596,2466,575,42,78,1944,46,19964,4328,500,500,94,95,12.1,32,14720,83
High School 227,633,468,284,10,27,823,963,6120,2985,531,1830,25,25,27.6,4,6081,36
High School 228,1886,1524,526,31,67,2523,296,13000,4450,600,2400,78,90,14.7,32,9553,69
High School 229,674,565,282,25,54,1151,39,12200,4070,400,1200,73,82,14.2,32,9226,66
High School 230,440,396,221,26,51,910,166,9420,3730,600,1230,51,56,9.9,46,10270,72
High School 231,1151,813,248,40,64,850,80,15588,6174,500,1200,78,90,9.2,34,16623,77
High School 232,548,428,167,18,46,618,113,8958,3670,300,1000,53,59,15.3,26,9798,64
High School 233,555,414,242,14,41,996,2281,9100,3100,550,880,51,61,23.6,24,5609,47
High School 234,5165,3887,1561,20,60,8234,2619,6108,3800,500,1000,64,66,20.6,9,5063,57
High School 235,780,628,198,7,20,545,42,11750,2700,400,850,77,83,14,24,6475,76
High School 236,608,494,176,10,31,649,314,8330,3770,550,1300,64,80,13,31,7949,39
High School 237,510,387,194,20,46,771,53,10310,4530,400,800,57,61,14.3,16,8222,60
High School 238,2039,1389,432,56,91,1333,30,15688,4618,400,400,88,92,9.5,54,18979,83
High School 239,2491,1110,573,57,88,2213,35,5224,3048,525,350,65,65,18.4,18,4957,100
High School 240,1202,1054,326,18,44,1410,299,13404,5160,450,1050,78,86,15.6,30,9114,65
High School 241,1709,1385,634,36,72,2281,50,14125,3600,400,700,79,89,12.5,58,9907,80
High School 242,380,237,104,30,56,716,1108,11000,5550,500,500,36,41,7.8,22,7483,96
High School 243,3140,1783,454,40,82,1646,24,19700,5050,300,800,91,96,9.6,60,17761,91
High School 244,1006,825,328,34,73,1362,102,13252,4194,450,550,89,93,13,33,10296,65
High School 245,817,644,307,20,40,945,1,13218,4773,660,600,95,97,13.3,53,12263,69
High School 246,7178,3755,1433,25,63,4623,740,7161,3518,600,2000,60,64,14,9,6791,70
High School 247,1006,837,317,33,65,1024,15,8200,3485,500,1200,84,84,10.6,26,9248,64
High School 248,467,424,350,16,40,1365,334,6300,2980,700,2140,75,79,13.7,10,7054,38
High School 249,1721,1068,806,35,75,3128,213,5504,3528,700,910,71,77,17.7,37,6466,73
High School 250,2083,1725,430,22,49,1464,67,17480,4780,500,700,75,87,12.3,32,11625,73
High School 251,13865,2165,1606,90,100,6862,320,18485,6410,500,1920,97,97,9.9,52,37219,100
High School 252,1377,572,178,95,100,654,5,17230,6690,700,900,100,100,8.2,46,21569,100
High School 253,817,708,262,22,52,935,37,9376,3272,500,1902,57,63,13,17,7335,52
High School 254,823,721,274,52,87,954,6,8800,3195,500,1200,82,99,13.1,26,8588,63
High School 255,920,745,347,35,66,1133,42,11090,4700,400,750,80,80,12,31,12639,79
High School 256,922,729,244,37,66,1000,275,14067,4560,400,1000,75,95,10.6,34,12165,79
High School 257,2688,2081,500,25,53,1792,5,19029,5841,600,600,99,99,12.1,37,13040,79
High School 258,7428,5860,1349,25,63,6534,1350,11600,5920,1000,1000,81,90,13.9,10,10093,60
High School 259,602,498,215,26,58,795,74,13470,5515,500,850,78,91,11.1,48,13957,72
High School 260,699,565,176,36,64,710,399,13960,6040,450,690,82,88,14.4,34,12434,72
High School 261,1712,1483,624,37,69,2505,208,12275,4341,465,1100,72,81,12.5,40,9284,72
High School 262,949,786,302,30,70,1210,26,9990,3550,500,1500,85,90,15,24,8187,67
High School 263,608,520,127,26,47,538,126,8080,3920,500,1100,63,72,11.4,9,7703,44
High School 264,450,430,125,20,46,488,43,9950,3920,300,1300,76,76,11.8,25,9466,47
High School 265,600,197,124,3,9,392,69,7260,3090,600,1840,31,35,12.9,4,9249,21
High School 266,723,652,361,10,30,951,706,7800,4000,350,1500,36,44,22,4,4923,84
High School 267,607,558,269,22,47,1222,519,10500,4348,650,1500,81,91,11.6,29,8324,75
High School 268,894,787,262,28,63,909,28,8050,3850,600,1000,75,75,15.6,30,7348,52
High School 269,1756,1360,478,42,77,1911,626,14550,4620,500,700,80,88,12.3,26,12851,56
High School 270,8681,6695,2408,10,35,15701,1823,7799,3403,537,2605,77,84,21,16,5569,54
High School 271,3050,1342,471,55,86,1818,23,14360,4090,400,650,77,92,12.9,34,9605,83
High School 272,268,253,103,16,44,494,1305,10000,5364,500,1000,56,64,11.2,33,7305,69
High School 273,1163,927,386,16,49,1685,556,8840,4689,750,2775,67,69,11.4,21,6095,95
High School 274,5659,4761,3147,10,31,8596,1949,6892,3706,600,2500,72,76,16.6,8,6996,40
High School 275,16587,13243,5873,25,72,24763,2717,9766,3990,600,2000,77,88,21.3,24,8686,68
High School 276,735,423,366,20,48,2448,707,9210,3782,700,1000,49,51,39.8,15,6562,34
High School 277,4892,3530,913,13,33,3906,1446,10690,6790,570,1150,66,83,16,14,8107,66
High School 278,8427,7424,3441,26,59,18676,1715,7550,3224,640,2055,81,88,19.2,22,8420,65
High School 279,7259,5526,1368,23,52,5612,166,14424,6192,634,1000,58,79,11.5,25,9812,75
High School 280,11223,5285,2082,32,72,9652,742,7994,4544,500,732,77,81,17.9,29,5212,98
High School 281,472,410,262,14,41,9950,71,7620,3050,400,400,51,53,17,21,3186,54
High School 282,2957,1423,691,10,30,3817,1394,3946,4800,400,1500,63,67,14.9,10,8367,26
High School 283,605,405,284,24,53,961,99,6398,3672,400,1350,68,68,13.3,19,8118,75
High School 284,2421,2109,820,27,57,3168,392,11700,5550,600,450,89,90,14.5,28,7738,89
High School 285,8474,3446,911,75,94,3566,1569,18800,6740,500,1040,96,97,3.3,38,56233,90
High School 286,833,669,279,3,13,1224,345,7656,4690,500,624,80,91,14.4,15,6564,36
High School 287,313,228,137,10,30,552,67,9414,4554,500,1700,34,55,10.6,30,7840,56
High School 288,1005,859,298,36,55,1075,43,14850,4460,450,420,97,97,12.7,37,12067,80
High School 289,5880,4075,2833,25,55,14914,2246,6995,3120,600,2000,76,86,18.5,22,6122,54
High School 290,589,575,148,16,40,474,258,8400,3250,500,1400,63,55,12.4,14,6535,68
High School 291,3121,2446,822,5,19,3480,776,7870,4157,500,1150,73,73,16.1,13,6195,61
High School 292,584,497,175,20,49,662,121,8000,4150,500,1300,57,65,11.3,32,7058,62
High School 293,2212,1538,408,44,75,1445,1,19240,3690,750,480,95,95,11.1,46,14067,88
High School 294,461,381,174,10,43,738,55,9600,4550,600,750,55,94,13.3,43,7863,51
High School 295,1456,1053,381,20,45,500,541,10910,5160,400,1795,66,72,15.6,37,7649,87
High School 296,355,300,142,34,65,509,44,8664,3350,600,3000,65,68,10.7,25,8954,65
High School 297,1040,845,286,48,77,967,24,15747,4062,400,800,88,95,12.7,33,13224,79
High School 298,361,321,185,10,41,650,819,8842,4782,600,1100,57,73,14.2,14,7022,52
High School 299,2929,1834,622,20,56,2738,1662,12600,5610,450,3160,90,90,15.1,9,9084,84
High School 300,4010,2402,572,36,59,2018,226,18730,5740,600,1000,93,96,10.5,38,15365,92
High School 301,544,399,177,15,35,600,363,6987,3585,750,1500,77,83,12.5,12,9067,75
High School 302,979,638,271,31,70,968,20,16880,3970,920,1320,91,94,10.7,19,15687,77
High School 303,497,452,231,24,47,887,1957,9400,4005,500,1000,49,65,17.2,25,4054,57
High School 304,2336,1725,1043,10,27,5438,4058,4752,3040,508,1463,48,82,18.4,12,5879,26
High School 305,831,538,224,15,35,840,325,5170,3430,600,1590,61,61,16.1,10,5531,60
High School 306,1166,1009,510,9,33,2074,341,4938,2987,528,1702,67,77,17,11,6119,51
High School 307,1243,947,324,50,77,1129,74,17163,3891,525,975,76,92,10.1,57,13965,77
High School 308,1470,1199,425,21,76,1820,558,11040,4840,400,900,89,92,13.3,28,8118,94
High School 309,1386,1060,320,28,56,965,502,13850,4755,400,1125,84,84,12.3,30,8196,85
High School 310,6397,4304,1092,40,84,4298,132,18700,5580,750,1130,96,99,12.5,43,14665,91
High School 311,979,743,259,25,46,1188,166,10100,4000,400,1000,88,92,12,20,8539,66
High School 312,244,198,82,12,33,1134,336,11700,5300,550,805,71,88,27.8,18,8694,58
High School 313,477,417,204,29,54,1532,77,8840,4240,600,1400,58,70,20.8,23,6863,56
High School 314,2774,2092,482,35,64,1763,59,15800,4790,450,950,97,98,12.3,21,12999,69
High School 315,1154,1050,395,12,31,2192,1423,10560,4520,500,1200,36,48,14.3,10,7701,61
High School 316,787,562,363,21,55,925,605,5950,2890,600,1300,67,72,14.6,35,5177,53
High School 317,1660,1091,326,15,41,1196,33,4818,3400,350,1400,71,72,12.6,8,10912,45
High School 318,810,484,356,6,33,2155,191,9200,4800,1000,4200,65,85,24.1,9,3480,100
High School 319,1561,1188,458,48,72,1548,840,13380,4210,500,900,89,91,17.8,34,8747,81
High School 320,900,473,217,22,47,621,11,4400,3400,800,900,53,93,10.4,16,9268,92
High School 321,3570,2215,651,17,41,3390,325,7352,3620,225,500,47,55,16.1,14,6374,63
High School 322,2747,1870,724,12,47,2874,118,7920,3962,550,2200,74,80,18.4,23,5553,62
High School 323,1641,1283,527,20,39,1663,170,11200,4000,500,1200,61,62,14.2,24,7578,70
High School 324,2013,1053,212,33,61,912,158,5150,3036,500,1655,64,74,10.5,11,7547,59
High School 325,5996,4993,3079,29,57,16269,3757,5925,2980,600,2242,83,87,15.9,11,6741,37
High School 326,2397,2144,1525,22,45,6720,1822,3957,2325,618,1656,66,77,20,13,4546,45
High School 327,4076,3137,738,25,54,3010,184,12990,6300,600,900,86,88,14.7,27,9448,80
High School 328,3768,2662,753,42,64,3558,436,13592,5916,545,1328,84,88,14.2,10,11677,84
High School 329,1891,1698,719,24,80,2740,761,11100,5870,600,750,77,88,11.7,14,9456,53
High School 330,3579,2959,868,25,55,5244,3417,11500,5330,700,2000,94,95,6.2,15,13009,65
High School 331,1549,1392,587,38,72,2269,85,13240,3560,600,400,73,85,13.8,38,8949,77
High School 332,1286,1005,363,16,37,1363,74,13900,4300,500,900,75,81,14,32,8024,72
High School 333,1756,1500,366,3,21,1524,280,12450,5400,450,870,62,66,12.4,24,8832,70
High School 334,535,502,223,6,20,959,150,7320,4640,500,600,48,65,12.6,15,7114,51
High School 335,2939,1496,452,56,86,1723,113,15909,4772,500,700,85,91,11.9,37,14213,77
High School 336,740,558,177,12,29,628,63,9620,3750,550,950,49,55,10.8,33,10642,59
High School 337,874,758,428,21,46,1605,246,9858,3700,450,1200,42,45,17.6,16,4796,55
High School 338,1004,802,239,23,63,909,51,10440,3850,525,1450,63,72,11.8,20,7940,64
High School 339,2432,1730,563,20,63,2578,254,12370,6800,500,1800,92,92,13.6,25,10062,79
High School 340,962,750,212,21,54,830,150,14700,6550,450,400,97,97,11.3,24,11291,70
High School 341,3073,2672,1547,9,29,9649,1792,4300,2643,450,1660,57,68,19,11,5801,68
High School 342,824,670,337,15,41,1160,653,9400,3400,500,1100,37,37,8.4,21,5352,59
High School 343,1611,960,342,27,60,1089,210,13850,3920,470,810,80,97,13.2,30,10223,96
High School 344,4731,3171,830,12,31,3557,658,10700,5925,550,1200,74,81,17.6,34,8408,69
High School 345,5152,4600,1685,36,71,7016,804,11610,4760,600,1950,86,94,13.5,25,9982,77
High School 346,4226,3666,2007,14,60,7703,2339,5094,4010,700,1560,77,86,16.6,10,6203,50
High School 347,499,441,199,26,52,846,377,11200,7400,600,1300,66,79,6.8,50,10819,90
High School 348,4350,2178,756,39,78,2997,736,6490,4942,650,2102,75,80,17.6,30,5358,84
High School 349,478,327,117,9,34,731,370,11510,6450,575,1075,71,93,10.3,30,10502,77
High School 350,695,535,239,21,30,988,785,10200,7000,350,1100,63,76,11.7,20,10622,68
High School 351,941,772,214,10,30,1247,776,11390,5280,500,750,77,82,10.6,17,8575,55
High School 352,1464,888,176,26,52,624,128,11200,4208,500,1642,80,90,11.1,43,8317,51
High School 353,549,397,169,26,51,1343,1751,9250,4550,425,1350,52,58,13.1,13,5925,61
High School 354,1107,859,323,13,51,1452,402,11040,4500,600,700,65,76,11.8,30,9034,66
High School 355,6411,2140,1078,96,99,4481,28,20100,5975,725,1600,99,99,10.1,35,33541,94
High School 356,233,233,153,5,12,658,58,4486,2516,600,1900,68,68,15.7,11,6971,51
High School 357,1002,555,119,16,43,836,684,7680,3740,500,800,70,74,17.7,21,6652,52
High School 358,578,411,187,25,50,880,477,6930,3452,400,1525,57,64,11,11,6383,32
High School 359,420,293,93,11,32,336,80,7950,3750,600,2740,54,54,9.8,45,9754,48
High School 360,2286,1668,564,37,70,2943,1260,11985,4081,400,1500,93,95,9.2,15,8995,91
High School 361,1557,1074,397,15,40,1805,433,9813,4050,425,1000,45,63,16.7,29,7307,78
High School 362,857,772,376,25,58,1721,470,6720,3250,450,1520,77,82,13.9,33,6881,82
High School 363,1981,1541,514,18,36,1927,1084,12500,6200,375,1000,73,75,16.8,22,8707,80
High School 364,1584,1456,891,6,18,3471,911,5016,3798,540,2256,48,48,28.8,12,3871,59
High School 365,1742,1382,607,30,64,2258,53,10300,5080,475,1200,68,75,14.1,30,7762,89
High School 366,9239,7788,3290,35,39,13606,807,8856,3960,500,1382,81,89,17.6,20,7846,85
High School 367,18114,15096,6180,23,57,26640,4120,10658,3734,504,600,93,95,14,9,10520,71
High School 368,2618,2288,1032,42,77,5524,414,8127,3978,900,1200,82,82,17,25,7473,65
High School 369,331,331,225,15,36,1100,166,6840,3720,1100,4913,33,33,15.4,20,5524,49
High School 370,6011,3075,960,22,60,5146,1532,7844,3830,450,1258,72,74,16.8,20,7832,71
High School 371,610,461,189,26,52,685,49,8200,3300,550,1000,63,69,12,16,8128,64
High School 372,1444,1261,456,29,62,1788,95,11910,4378,450,965,60,77,11.4,25,8149,75
High School 373,905,834,319,32,61,1073,179,11320,4402,550,1350,82,89,12.7,38,11218,58
High School 374,1217,1088,496,36,69,1773,884,11505,3255,1000,2075,35,46,16.7,23,7140,67
High School 375,594,385,307,36,57,1695,721,5580,2830,600,700,77,79,16.5,18,6170,61
High School 376,4255,3277,1609,18,57,10094,1621,9866,3084,480,1479,77,77,15.9,20,6223,53
High School 377,480,405,380,19,46,1673,1014,4386,2217,600,1500,49,54,15.8,8,5704,63
High School 378,1576,1326,913,13,50,3689,2200,3840,2852,200,400,52,54,20.3,9,4172,100
High School 379,1310,983,316,5,35,1057,175,8550,5050,400,900,35,67,17.4,16,4333,27
High School 380,601,503,204,28,57,671,11,13000,4100,400,460,91,91,11.6,43,11087,56
High School 381,2707,1881,478,14,34,1893,847,12480,5290,530,1740,70,85,14.2,15,9492,54
High School 382,572,544,320,45,72,1470,416,6073,3400,550,1400,71,71,16.4,31,6112,74
High School 383,3500,2836,1779,15,42,8730,993,5552,3710,550,2300,75,83,17.6,8,6324,37
High School 384,5220,2128,865,19,53,6411,3186,3648,4834,700,950,82,87,21.5,9,6717,58
High School 385,263,223,103,10,24,316,20,8438,3372,500,2958,42,50,11.1,4,11989,15
High School 386,2442,2164,1189,12,37,5983,1075,4426,2664,600,1000,76,81,18.1,19,4795,60
High School 387,1232,955,303,23,58,1241,485,14990,4730,550,1250,86,92,15.2,28,9566,74
High School 388,3708,1678,722,41,66,2852,153,7050,5490,250,600,71,74,17.8,10,8122,83
High School 389,586,533,239,16,36,950,228,10520,3678,500,1000,48,68,13,32,8111,56
High School 390,882,730,330,2,13,926,12,4515,2550,850,2100,53,60,18.6,34,6990,60
High School 391,1800,1314,526,47,79,1891,40,19300,5700,750,750,79,91,9,51,18359,84
High School 392,279,276,126,17,37,600,435,6844,2980,500,500,45,55,11.7,38,5073,44
High School 393,235,217,121,12,32,931,487,8950,3119,550,1125,51,51,10.7,26,7016,78
High School 394,368,317,159,20,49,806,542,10500,3555,500,2285,44,50,11.3,30,6695,64
High School 395,325,284,95,16,33,364,88,9900,3650,500,1200,32,37,13.6,43,6525,21
High School 396,1321,1159,328,15,36,1243,79,12850,6200,550,900,77,82,12.8,36,8536,80
High School 397,1170,695,238,14,48,1170,429,7470,4600,250,1400,74,75,15.3,23,6898,88
High School 398,657,537,113,37,90,1039,466,12474,5678,630,1278,53,71,11.9,19,10613,72
High School 399,1310,1086,458,26,61,1365,144,12250,3530,400,1150,85,87,16.7,35,7215,81
High School 400,510,485,334,18,36,1114,94,7400,3346,600,600,57,57,19.8,7,6869,58
High School 401,2519,1836,462,30,61,1656,352,16975,4565,600,850,76,86,12.8,39,10888,83
High School 402,2225,1910,1190,29,55,5968,955,4738,3110,700,940,72,76,20.2,27,5972,52
High School 403,1109,922,375,24,46,1115,70,13240,3914,600,800,73,85,13.4,27,9333,73
High School 404,513,347,279,23,48,2508,505,9090,4500,650,500,62,65,18.3,2,7905,71
High School 405,947,798,266,36,68,1274,471,10850,5150,550,800,77,93,13.6,24,8797,61
High School 406,1879,1216,483,27,62,3311,1646,8832,5376,700,1850,92,98,13.5,19,12529,72
High School 407,787,601,233,40,73,1017,411,5376,3214,600,1100,99,100,13.7,11,9241,34
High School 408,13594,7244,2505,70,86,12408,2814,17748,7262,450,1000,87,98,7.8,16,21227,71
High School 409,872,722,154,14,36,601,36,10194,2600,500,1500,57,63,11.4,32,5788,83
High School 410,2220,1796,467,65,99,1919,334,10320,4762,450,650,68,100,14.2,20,7788,65
High School 411,1563,1005,240,1,19,1380,136,5542,4330,500,1000,65,71,14.2,17,6562,57
High School 412,4809,3089,1429,12,33,6162,871,6806,1780,600,1651,72,72,16.7,9,7090,44
High School 413,10634,7064,3176,39,78,16505,5481,8400,6540,600,1300,92,98,17.5,21,9670,62
High School 414,812,689,195,7,24,646,84,8242,4230,600,1295,77,77,12.7,11,10090,52
High School 415,1127,884,308,30,64,1310,766,11718,7398,450,1800,73,87,16.4,33,8871,76
High School 416,2968,2297,1610,13,47,7368,1128,5834,2744,600,2000,79,83,17,24,6310,42
High School 417,465,361,176,19,39,879,156,12580,4345,400,970,76,79,13.1,24,10889,74
High School 418,6040,4577,1620,36,72,5640,266,4856,3416,400,1100,69,72,15.7,13,6601,76
High School 419,11901,8492,2517,16,42,11160,10221,13380,7425,600,1750,73,82,12.9,17,9563,46
High School 420,5891,4931,1973,23,48,11249,2682,6746,3728,620,2342,78,83,21.7,7,6157,41
High School 421,10706,7219,2397,12,37,14826,1979,7799,3296,470,1750,73,78,17.3,11,6086,56
High School 422,2729,2535,1257,8,29,4787,472,3735,3136,250,1630,62,65,21.7,23,5284,54
High School 423,616,514,385,29,52,1115,60,9840,2820,450,822,59,59,14.8,20,6261,58
High School 424,860,811,366,22,56,1040,52,9900,3075,300,1800,68,68,14.9,34,6357,68
High School 425,12289,5200,1902,85,98,7450,45,16404,5520,759,1585,96,100,6.8,25,26385,92
High School 426,1743,1625,626,8,29,1862,382,14134,5270,500,800,71,74,13.1,22,9209,63
High School 427,379,324,107,15,37,500,311,9990,4900,400,600,44,47,12.1,26,4948,33
High School 428,3041,2581,1173,16,56,6441,3982,9114,4030,400,650,88,90,19.7,13,6637,53
High School 429,4778,2767,678,50,89,2587,120,19670,5820,575,1119,77,96,10.1,47,16593,83
High School 430,2324,1319,370,52,81,1686,35,16560,5140,558,1152,91,93,10.5,30,16196,79
High School 431,792,649,186,56,87,769,377,12900,4340,600,4110,91,95,13.1,27,8568,67
High School 432,2936,2342,669,35,62,2502,66,15990,4080,600,825,73,78,14.5,31,9979,83
High School 433,11023,8298,3183,21,54,14861,1310,7629,4095,550,2300,79,87,20.4,13,8811,64
High School 434,2190,1700,458,36,65,1780,48,16732,5650,550,550,93,93,12.1,32,12011,75
High School 435,758,681,484,35,59,1707,705,5390,3140,515,1290,63,71,15.1,18,5511,50
High School 436,776,765,351,22,44,1419,228,6400,3150,500,1900,58,64,16.2,8,6578,45
High School 437,4522,3913,2181,29,57,12830,1658,5336,3344,800,3100,84,92,15.3,14,6433,48
High School 438,1496,1205,428,26,57,1648,936,12888,4440,420,840,62,68,13.9,30,8802,87
High School 439,910,773,450,31,73,1310,61,6530,2800,500,1500,63,67,13.3,10,6413,65
High School 440,2308,1336,295,22,46,1202,942,8530,3644,616,1576,56,64,14.9,25,7114,37
High School 441,8256,3750,1522,37,70,5809,4379,11000,5160,660,1115,90,95,13.8,10,10059,62
High School 442,1603,1392,504,31,68,2580,302,13312,4488,600,1516,78,78,11,23,9431,83
High School 443,940,668,385,20,48,1316,139,11925,3825,630,1926,48,87,12.3,12,9157,69
High School 444,943,849,288,41,71,1041,35,14210,3994,450,1100,76,76,10.9,22,11216,42
High School 445,944,774,440,14,34,2174,529,6360,2760,550,1498,77,77,15,5,6443,48
High School 446,19315,10344,3450,48,93,28938,2025,10645,4060,512,2394,77,96,18.1,19,8992,63
High School 447,3821,2037,680,86,96,2488,625,18200,6770,500,700,95,98,11.6,13,16185,66
High School 448,701,501,458,10,40,959,457,2580,2624,500,900,48,100,20.1,24,4870,44
High School 449,838,651,159,11,25,654,162,8640,3700,400,1915,62,62,12.2,13,7634,48
High School 450,1538,1259,468,19,42,1664,1042,11690,5062,600,1664,48,80,12.9,15,8028,68
High School 451,692,576,174,19,50,597,83,10500,3860,600,940,58,64,11.6,19,8990,39
High School 452,663,562,127,20,40,641,63,5640,3620,600,750,89,89,13.2,17,7309,31
High School 453,404,400,169,28,48,797,100,6000,3000,500,500,48,57,13.4,14,5557,61
High School 454,1133,630,220,37,73,750,30,17688,5900,650,850,100,100,10.4,11,14820,73
High School 455,809,687,428,20,43,1889,217,10178,4190,800,750,71,71,16.1,19,7895,54
High School 456,875,744,207,7,38,1173,1402,9700,4830,400,1200,45,90,14.5,10,7652,66
High School 457,1132,847,302,58,89,1379,214,16200,4200,436,2486,90,90,10.4,14,14329,62
High School 458,2405,2234,1061,10,22,4564,448,4290,3500,598,1582,55,93,19.4,1,5967,35
High School 459,1082,832,302,34,63,1133,30,11859,3635,554,1429,80,85,13.4,42,8354,85
High School 460,13218,2042,1153,90,98,4540,146,19900,5910,675,1575,91,96,8.4,54,28320,99
High School 461,5139,3346,973,20,55,3717,1358,14400,6200,450,1100,66,74,18.4,35,8135,96
High School 462,21804,18744,5874,29,60,26213,4065,9556,3990,570,1060,86,86,18.2,15,8604,67
High School 463,516,392,154,32,62,630,549,11020,4970,610,1900,73,75,14,36,9315,58
High School 464,1025,707,297,22,66,1070,72,10100,4140,450,1080,69,71,16.3,32,6880,80
High School 465,3712,2153,806,17,45,2677,714,12030,6140,1000,500,63,73,12,33,8847,86
High School 466,5702,4894,1742,15,37,8077,472,6684,4110,500,900,73,83,19.6,9,4519,62
High School 467,2088,957,362,6,29,2745,1938,4449,4860,600,1655,74,95,17.8,8,7333,47
High School 468,1771,1325,306,21,46,1071,27,13840,3735,400,900,77,80,10.7,38,11080,74
High School 469,696,616,169,35,66,653,56,13970,6110,370,920,88,97,9.2,24,16358,68
High School 470,1966,1436,327,47,80,1199,61,19960,5490,500,450,90,90,11.8,37,15886,68
High School 471,427,385,143,18,38,581,533,12700,5800,450,700,81,85,10.3,37,11758,84
High School 472,4996,4165,936,53,82,4291,16,17475,5976,1230,1100,94,98,15.4,21,15605,70
High School 473,2302,1831,391,58,82,1345,59,15200,4768,550,1500,90,96,10.8,47,13388,77
High School 474,3586,2424,730,16,31,2748,1309,13250,5420,700,3100,84,92,12.3,23,11299,70
High School 475,587,501,211,28,52,735,28,15200,4100,350,650,87,90,9.4,49,12472,64
High School 476,484,386,141,6,28,590,1196,9870,4860,600,1100,59,59,12.2,19,6744,81
High School 477,2227,1790,437,27,54,1460,239,13425,4425,450,1200,85,89,13,26,9405,72
High School 478,935,858,345,22,50,1127,754,9490,4100,500,1500,60,79,10.7,21,7519,79
High School 479,560,392,270,11,31,743,118,8734,3362,600,625,56,78,11.3,27,6422,68
High School 480,3304,2804,679,10,20,2111,1489,12520,6050,500,730,44,54,16.4,8,7957,61
High School 481,1777,1151,382,31,55,1668,1052,16425,5220,955,750,81,85,13.3,23,11561,90
High School 482,434,321,141,28,53,624,269,10950,4600,550,950,79,82,12.9,30,9264,81
High School 483,3820,1431,695,21,70,5303,3942,4356,4830,800,800,76,81,22.1,6,7252,51
High School 484,48094,26330,4520,36,79,21401,3712,7410,4748,690,2009,90,95,19.5,19,10474,77
High School 485,3366,1752,232,27,79,2585,1300,7411,4748,690,2009,90,95,18.6,12,10134,57
High School 486,5785,2690,499,26,62,4005,1886,7410,4748,690,2009,90,95,17.4,16,11878,58
High School 487,2307,1896,509,19,51,1707,1889,11070,5780,400,600,71,73,14.8,16,7120,82
High School 488,897,718,276,12,48,1345,390,10450,4020,500,1500,56,56,14.1,16,7444,70
High School 489,2095,1553,514,15,40,1873,94,12950,5400,450,1120,70,82,14.5,29,6719,97
High School 490,3971,3306,1921,10,34,11493,2206,4259,2625,350,1884,70,75,18.9,10,4629,58
High School 491,213,166,85,13,36,513,247,8670,3820,450,1000,43,78,12.5,4,7440,48
High School 492,1046,824,284,21,45,1223,451,10880,5050,400,1235,64,64,19.3,24,7344,69
High School 493,933,800,444,18,45,1691,72,12247,4081,500,600,76,85,12,38,9853,70
High School 494,920,684,225,24,42,815,222,11200,4250,600,950,55,60,14.8,19,7360,67
High School 495,833,682,217,12,33,716,2196,9985,5180,500,800,53,89,27.2,8,4322,85
High School 496,2519,2003,776,39,71,2473,1314,12750,6350,350,1690,84,90,17.4,13,8243,83
High School 497,292,241,96,20,52,543,712,12200,4600,650,950,87,90,11.2,32,8680,76
High School 498,3294,2855,956,44,67,4576,1140,11690,4730,800,6800,84,94,4.6,19,18367,67
High School 499,888,734,393,26,60,1433,27,12730,4514,500,1525,74,95,9.9,31,11165,98
High School 500,876,802,367,14,35,1263,118,10800,3600,400,820,68,74,18.8,19,5081,78
High School 501,150,130,88,23,50,341,768,10300,4130,500,1700,44,58,10.2,37,9678,75
High School 502,1910,1380,463,16,64,1715,106,13030,5860,500,750,79,88,14.5,34,10190,84
High School 503,2248,1673,745,38,73,2888,105,14350,3750,550,550,82,88,10,31,12502,83
High School 504,1606,1413,530,23,38,1921,1154,9408,5520,500,450,78,78,12.1,22,7669,53
High School 505,700,595,278,19,35,1035,182,10850,3936,500,900,62,64,12.3,31,8534,88
High School 506,785,647,295,15,65,1670,726,10860,4624,600,794,87,100,13.7,15,8953,55
High School 507,489,384,120,23,52,700,45,10575,3952,400,620,46,24,13,9,8946,98
High School 508,335,284,132,28,69,534,216,10475,6300,500,2000,68,68,11.2,46,9599,60
High School 509,4216,2290,736,20,52,4296,1027,5130,4690,600,1450,73,75,17.9,18,5125,56
High School 510,1680,1395,691,34,76,2959,402,8236,3700,569,1650,74,75,14.7,17,9533,61
High School 511,9402,7020,2151,20,70,16407,5550,8384,5110,612,2400,87,93,19.5,7,7930,41
High School 512,4019,2779,888,40,73,3891,128,13584,5928,630,1278,88,92,13.9,19,10872,100
High School 513,1380,768,263,57,82,1000,105,19300,6694,600,700,89,93,6.1,18,14779,83
High School 514,1109,688,386,20,65,1897,208,8325,5000,1200,1600,14,98,16.1,26,6874,55
High School 515,584,413,131,19,51,521,99,8955,5900,500,1488,51,56,11.8,23,8545,52
High School 516,855,632,139,60,83,569,7,17238,7350,600,800,95,100,8.2,41,18372,73
High School 517,1183,1016,411,42,82,1922,704,12669,4875,600,1250,83,85,16.8,20,10368,66
High School 518,2115,1540,494,28,72,2993,347,12825,4375,500,1500,85,85,12.2,16,10175,89
High School 519,4576,3565,1000,16,36,4384,1530,12000,6484,650,1000,81,84,14.4,15,10080,64
High School 520,936,794,197,24,56,752,210,11240,4180,350,2000,71,71,11.2,37,10065,71
High School 521,5818,3281,1116,14,53,5268,300,7844,3504,450,1700,80,83,18.8,13,6719,72
High School 522,540,445,165,23,70,1115,111,7210,3600,500,2000,62,65,13.2,18,7356,58
High School 523,2961,1932,628,24,68,2669,616,10800,5100,575,1090,71,82,14.1,42,8189,100
High School 524,464,419,183,10,31,686,287,9240,3880,475,1090,29,49,7.2,17,9431,47
High School 525,1003,782,295,23,53,1144,160,16160,6950,500,1200,74,81,8.9,33,14086,79
High School 526,1016,872,300,27,57,1116,602,11250,4980,550,1400,66,73,15.8,36,7411,70
High School 527,437,400,211,13,35,614,271,8990,3064,500,1700,73,73,14.8,7,7881,48
High School 528,4293,2728,591,25,62,2322,263,18710,5970,500,700,87,92,12.7,29,14837,81
High School 529,2925,1598,632,51,88,2479,95,18820,6390,500,1050,85,97,10.3,44,21199,90
High School 530,2807,2589,1701,13,37,7000,1103,3811,2190,500,1970,62,65,15,29,5084,67
High School 531,2281,1870,1408,18,43,6553,1246,4680,3540,200,2150,75,76,17.1,8,5916,45
High School 532,818,700,447,20,50,2962,651,3738,2619,450,1022,55,59,19.6,9,4444,53
High School 533,385,340,193,18,38,784,127,9520,4124,630,1818,63,65,18.6,11,8219,43
High School 534,2540,2195,994,13,40,6063,2550,5472,3598,221,2216,76,81,16.5,8,7498,43
High School 535,4301,3455,1166,41,69,4892,387,12772,5078,576,1802,74,88,13.5,17,12726,72
High School 536,1093,1093,642,12,32,1770,967,7070,2500,400,1000,52,54,15.9,13,4718,71
High School 537,6118,5254,3204,15,37,13131,3374,4740,2590,500,1360,70,75,19.9,11,4632,56
High School 538,1047,938,511,13,33,2091,546,4285,2750,600,1800,58,75,16.5,31,6591,51
High School 539,321,318,172,11,27,620,280,7536,3736,430,1651,44,77,13,12,5309,36
High School 540,213,155,75,28,66,504,147,7200,3532,550,1500,56,56,11.8,12,7818,52
High School 541,1244,912,352,44,77,1177,43,11850,4675,600,1050,83,89,11.3,35,12995,67
High School 542,283,201,97,10,45,589,263,8400,2800,600,900,50,56,10.6,40,6860,89
High School 543,3713,1237,443,47,83,1971,107,7000,5565,660,2400,73,80,12.5,18,9988,65
High School 544,372,362,181,15,32,1501,353,8600,3550,385,665,48,48,15.4,9,10938,49
High School 545,1489,1313,375,13,45,1688,131,10456,4927,500,1050,91,91,17.7,32,9828,78
High School 546,323,278,122,31,51,393,4,16150,5450,275,800,63,72,7.2,26,15622,64
High School 547,1368,1064,354,19,51,1687,677,10570,5600,400,800,86,81,14.5,29,7908,66
High School 548,2753,1820,505,31,56,1801,45,18720,5730,650,825,90,94,11.5,38,14980,85
High School 549,191,165,63,5,25,494,574,11550,4270,300,500,43,77,14.5,8,9209,40
High School 550,2643,1611,465,36,80,2615,248,13332,6354,630,1584,88,89,16.1,17,9619,78
High School 551,1340,695,285,42,73,1315,209,6800,4730,675,1250,84,89,11.6,23,10357,63
High School 552,1243,1020,414,33,60,2149,418,8678,3858,700,1736,82,83,16.2,7,7651,72
High School 553,1334,1243,568,30,56,1946,95,12140,4450,425,1100,74,78,15.1,36,8595,88
High School 554,651,581,243,8,17,617,34,5000,3650,600,600,45,45,14,8,8426,45
High School 555,861,609,215,10,27,1117,815,8650,5700,500,1750,69,73,16.1,13,6534,67
High School 556,450,405,194,17,34,614,388,13900,5200,450,2150,46,63,10.9,17,9995,59
High School 557,1557,1227,489,37,69,1964,81,12315,4565,600,1365,85,90,12.5,24,10307,73
High School 558,1768,1249,380,51,93,1263,11,16900,5680,450,750,89,89,19,33,12837,79
High School 559,4019,1579,710,23,65,4365,765,3040,4351,711,1125,78,92,19.5,7,5599,64
High School 560,3646,2300,585,25,69,2022,926,12170,6172,480,800,79,79,13,30,7495,97
High School 561,13528,9198,1843,16,61,10168,1231,6550,4355,700,1560,93,96,17.4,16,9075,74
High School 562,14463,6166,1757,60,94,8544,671,6550,4598,700,1000,83,100,18,15,8055,80
High School 563,15039,9649,3087,36,100,13963,3124,6550,4731,708,957,90,97,13.6,15,11177,56
High School 564,12512,6969,1724,27,66,9744,1351,6550,4712,600,1200,91,96,10.5,7,13705,57
High School 565,7294,3564,904,7,34,5758,1363,6550,4460,500,705,79,83,19,14,6632,49
High School 566,8000,4556,1464,17,70,6943,869,6550,4810,500,1500,69,85,22,21,5280,63
High School 567,5318,3515,1025,8,29,7626,2091,6550,4040,550,1230,71,78,18.7,12,7511,42
High School 568,7888,3519,1036,6,40,5011,346,6550,4680,630,1274,82,85,17.8,17,5563,53
High School 569,4877,2798,814,13,48,4123,298,6550,4420,620,1481,82,90,16.3,10,6442,66
High School 570,8598,4562,1143,56,93,5060,146,6550,4170,600,650,79,84,19.1,25,5716,76
High School 571,8399,3609,656,19,53,4658,1478,6550,4240,550,1500,85,93,15.3,8,6608,53
High School 572,5549,3583,853,9,40,5004,475,6550,4176,600,1380,80,90,17.9,16,6174,65
High School 573,3150,2289,650,16,51,3598,234,6840,4660,500,1000,71,75,15.1,17,6436,59
High School 574,2119,1264,390,5,33,2478,1441,6550,4760,1125,1362,80,100,14.9,8,8170,46
High School 575,2096,1512,465,27,59,1442,166,16130,4710,400,800,83,86,13.9,37,10554,90
High School 576,462,402,146,36,68,527,41,14500,6000,500,600,91,99,6.5,48,18953,61
High School 577,10477,7260,2442,28,67,10142,117,15150,6870,635,960,73,84,11.3,13,14231,67
High School 578,257,183,109,19,41,396,38,7850,3410,400,1500,55,70,10,15,7233,53
High School 579,4414,1500,335,30,60,908,119,5666,2964,1000,1400,56,58,15.5,7,5970,46
High School 580,1769,1092,437,41,80,1757,81,10965,4000,450,1250,60,61,14.2,32,8294,98
High School 581,232,182,99,7,29,402,237,7070,3640,400,3158,59,65,8.9,16,6286,36
High School 582,14474,10519,6392,49,85,31643,2798,5130,3412,600,2144,89,91,23.1,29,8471,69
High School 583,529,481,243,22,47,1206,134,4860,3122,600,650,103,88,17.4,16,6415,43
High School 584,4095,3079,1195,33,64,5064,660,8490,3320,650,2400,81,93,14.8,23,9158,64
High School 585,497,423,215,27,57,895,429,7850,3410,490,1700,54,58,13.8,24,7002,50
High School 586,4345,3245,2604,15,85,5584,3101,7860,3360,600,1700,65,75,18.2,21,3605,10
High School 587,592,501,279,19,44,1204,392,6400,3484,600,1800,80,83,14.5,10,7936,43
High School 588,1500,1242,611,12,36,2024,292,7070,2439,400,779,95,94,17.1,17,7744,84
High School 589,1154,951,253,15,31,791,140,11172,4958,700,1350,68,76,11.6,16,9186,60
High School 590,845,734,254,5,21,662,351,7600,3800,600,1200,59,74,19,40,5096,39
High School 591,759,729,244,57,81,867,51,10900,4450,500,1000,81,91,12.1,41,10219,70
High School 592,5042,2312,944,55,94,5167,902,5391,5411,700,1000,81,87,14.4,6,8504,81
High School 593,1262,1102,276,14,40,978,98,9456,4350,468,1323,53,53,12.8,24,7603,65
High School 594,3058,1798,478,46,84,1737,244,18810,5690,500,680,91,96,10.4,48,18034,91
High School 595,247,189,100,19,49,309,639,11412,6430,500,900,89,93,8.3,37,11806,96
High School 596,222,185,91,16,41,484,541,11010,5208,550,500,58,78,10.4,26,9586,78
High School 597,2425,1818,601,62,93,2110,95,12240,5150,500,490,94,96,9.6,20,14703,93
High School 598,7033,5125,1223,47,75,4941,1534,19040,5950,350,800,98,98,9.1,21,16920,74
High School 599,626,372,145,12,34,983,40,7700,3400,450,800,70,70,21.9,28,4933,52
High School 600,2267,1827,611,20,59,2825,144,6735,3395,600,1425,70,74,12.2,7,10872,65
High School 601,484,384,177,9,45,634,78,7800,2950,500,600,60,88,14.1,9,6864,64
High School 602,3495,1712,528,49,84,1915,123,18732,6204,450,1024,94,96,11.5,49,15411,88
High School 603,4800,2900,1515,14,48,7764,1472,6874,2394,518,1890,73,78,19.2,14,5901,56
High School 604,1797,1260,938,24,35,6960,4698,4440,5175,750,2200,96,96,6.7,16,16352,33
High School 605,3235,3108,2133,25,65,9978,1530,5028,3300,500,2000,73,89,14.8,10,6820,39
High School 606,19873,8252,3215,95,100,19532,2061,11648,6246,636,1933,93,97,15.8,10,13919,78
High School 607,15698,10775,2478,85,100,12677,864,12024,5302,790,1818,96,96,16.1,11,15934,66
High School 608,6986,2959,1918,25,60,12330,7152,6618,4234,700,1600,80,98,22.2,9,6742,46
High School 609,682,535,204,22,43,771,611,9500,3540,400,750,26,58,2.5,10,7683,57
High School 610,6348,2999,922,68,94,3340,39,18930,6380,500,1254,99,99,5.3,36,36854,90
High School 611,6855,5553,2408,26,57,11036,2011,8907,4697,556,1851,89,95,10.8,6,13889,54
High School 612,9735,7187,2064,23,63,12478,1660,11656,5072,700,2300,89,95,16,16,10178,71
High School 613,681,588,246,44,74,1058,73,10760,6230,500,1200,85,93,13.4,26,8731,63
High School 614,6361,5293,1507,26,51,5889,665,11380,4220,500,900,81,85,14.8,25,8894,93
High School 615,14446,10516,3252,22,57,14130,4522,10220,4230,530,1300,82,87,18.3,15,10650,75
High School 616,2974,2001,580,29,60,2666,554,15192,4695,400,1350,84,91,15.9,21,11762,67
High School 617,927,731,415,24,50,2149,2217,11130,3996,600,2166,72,79,13.5,14,10891,51
High School 618,576,558,137,11,39,662,131,10430,3620,400,1500,85,98,16.5,18,8767,45
High School 619,2096,1626,694,35,67,2551,407,11800,4340,700,960,60,81,15.8,26,7780,77
High School 620,12445,8836,3623,54,85,24470,3286,7090,4180,630,1530,88,97,13.4,20,14737,66
High School 621,11220,7871,3320,43,79,19553,2748,5697,3600,525,1755,88,95,14.7,22,7881,63
High School 622,5081,4040,1194,11,26,3768,1415,14220,6000,500,1440,61,76,10.7,9,10625,66
High School 623,3580,2603,1627,36,69,11028,2411,4460,3038,687,1281,85,87,11.8,6,12833,54
High School 624,14939,11652,5705,52,88,25422,911,7560,4574,500,1982,87,90,17.4,13,8559,81
High School 625,8384,5727,2710,22,50,13518,2916,7230,5088,630,3228,82,84,10,6,13883,34
High School 626,1487,1276,388,26,51,1417,1646,11120,4080,525,1405,55,56,11.1,23,6735,69
High School 627,8579,5561,3681,25,50,17880,1673,6994,3384,700,2681,88,94,13.7,17,9657,57
High School 628,1597,969,226,16,38,1431,1522,13540,5050,630,2298,66,68,14.1,23,10139,47
High School 629,4777,3057,1823,16,33,9844,6198,6540,3600,530,2440,84,92,11.1,24,10207,31
High School 630,1208,803,438,20,48,1906,344,6810,3970,450,1647,67,75,15.9,26,5712,59
High School 631,441,369,172,17,45,633,317,6600,3680,600,400,46,46,15.1,4,5935,64
High School 632,461,381,235,10,40,974,503,6600,3630,400,1675,67,67,15.2,11,6408,35
High School 633,4269,2594,985,27,57,6476,2592,8594,4408,494,2768,82,88,18.4,6,7618,55
High School 634,14292,10315,3409,22,53,19340,3991,8723,5146,550,1550,89,92,18.1,12,9021,63
High School 635,14438,12414,3816,12,39,16282,1940,8566,3897,500,1400,88,92,16.7,15,10276,68
High School 636,3347,2597,1006,10,37,4664,1630,6919,4500,500,1250,74,90,15,20,7462,56
High School 637,7122,5386,1643,42,69,7760,876,16500,6526,630,1985,82,94,5.9,17,17500,59
High School 638,19152,12940,4893,66,92,22045,1339,15732,4659,476,1600,90,98,11.5,26,14847,87
High School 639,4192,3126,1656,15,45,5887,1254,8828,3474,753,2610,79,91,19,11,6393,53
High School 640,1458,874,588,56,86,1846,154,9843,3180,600,1500,74,78,14.6,16,6716,51
High School 641,11054,6397,3524,26,55,16502,21836,8949,3744,714,2910,88,90,12.2,37,16122,45
High School 642,3844,3383,1669,26,47,7524,804,4916,3810,600,550,81,86,20.3,14,6971,53
High School 643,6574,4637,2940,32,62,14782,1583,9057,3485,600,1983,87,87,12.7,15,10145,58
High School 644,1877,1826,823,49,77,3926,561,9057,3600,700,1435,88,88,14.4,23,9699,49
High School 645,1618,1141,479,18,54,4793,4552,7246,3964,500,4288,71,73,13.4,15,6433,48
High School 646,452,331,269,17,54,1417,301,6150,3680,550,1200,59,63,16.6,4,5412,52
High School 647,1351,892,570,18,78,2385,331,4440,3030,300,600,72,72,18.9,8,5883,51
High School 648,6277,6003,3526,33,63,16454,3171,5595,3145,500,2070,86,92,15.1,48,6813,53
High School 649,1209,750,265,19,54,820,159,11450,5045,900,2500,72,75,11.4,13,9718,64
High School 650,9750,7640,2529,24,62,10358,1338,11180,3862,650,2450,89,87,17.5,16,7855,75
High School 651,1757,979,394,32,74,2033,1078,5972,3420,600,750,77,83,13,11,7011,37
High School 652,14596,5985,3331,75,92,14609,1100,8400,4200,550,1200,88,93,8.9,23,15893,83
High School 653,5803,4441,1730,19,62,10099,3255,7248,3109,600,1900,79,91,16.8,7,6227,62
High School 654,5191,4134,1500,15,44,7532,1847,8677,3505,600,1300,75,94,15.5,17,7392,53
High School 655,6071,3856,1449,15,67,6635,1145,7558,3680,500,1500,82,85,19.1,15,6005,55
High School 656,2777,2249,1652,20,54,8334,1435,5634,2703,450,1200,97,97,15.9,16,9424,49
High School 657,1800,1253,560,44,85,3876,3588,6634,4360,600,2604,82,85,17.8,14,6104,47
High School 658,4418,2737,2049,23,51,14047,5134,4104,3579,450,1700,86,94,22.6,6,5657,35
High School 659,5530,4007,1697,12,37,8463,1498,7731,4128,540,2286,75,75,21.5,8,6309,40
High School 660,4144,3379,1853,18,52,10135,1448,6197,2930,595,2380,78,82,16.3,26,6333,77
High School 661,7700,3700,1906,79,96,7671,30,16850,4400,600,1350,96,92,13.1,46,13936,97
High School 662,4743,3970,2233,32,63,13436,2582,5173,3526,765,3176,86,90,11.5,11,10244,44
High School 663,8631,6732,2546,25,61,11669,1605,10602,3660,570,1530,79,87,19.7,13,8020,54
High School 664,12394,5232,2464,85,100,9205,531,17020,7270,500,1544,95,96,6.3,38,25765,93
High School 665,8586,6383,2503,25,59,13138,4289,10786,4560,400,900,93,93,7.8,10,13789,66